firstName,lastName,email,age,dni,salary
Maurita,Lesser,mlesser0@youku.com,85,29686,6123
Ricki,Danaher,rdanaher1@columbia.edu,18,37240,54726
Gearard,Ruddell,gruddell2@si.edu,62,59120,4546
Bogey,Barthelmes,bbarthelmes3@google.fr,22,30750,54414
Brett,Doulton,bdoulton4@upenn.edu,85,39975,15909
Ulrika,Gerhartz,ugerhartz5@chicagotribune.com,29,50212,38150
Fidelia,Opfer,fopfer6@netlog.com,75,14426,73338
Elspeth,Banyard,ebanyard7@scribd.com,86,36833,90418
Mara,Cantos,mcantos8@cargocollective.com,72,16846,6320
Renae,O' Timony,rotimony9@yolasite.com,43,16349,40226
Kassie,Ebden,kebdena@spiegel.de,48,80474,64684
Rancell,Brunt,rbruntb@youku.com,42,86697,73871
Karita,Lewsey,klewseyc@deviantart.com,32,35675,21442
Kara-lynn,Janovsky,kjanovskyd@ox.ac.uk,54,24532,87943
Angie,Edsell,aedselle@oracle.com,34,69792,87281
Virginie,Campo,vcampof@bizjournals.com,73,55236,92668
Agustin,Vogele,avogeleg@goodreads.com,21,84446,47646
Liza,Albrook,lalbrookh@census.gov,90,25729,30382
Velma,MacPharlain,vmacpharlaini@cmu.edu,82,71665,56580
Kean,Pegden,kpegdenj@fc2.com,76,43709,99011
Gilli,Stare,gstarek@vk.com,72,51160,34278
Jefferson,Ballister,jballisterl@privacy.gov.au,76,48241,67508
Windham,Treagus,wtreagusm@telegraph.co.uk,36,95223,88992
Cleopatra,Plowman,cplowmann@webeden.co.uk,66,99389,5732
Drusi,Norton,dnortono@amazon.com,28,53668,62717
Clayton,Kairns,ckairnsp@ibm.com,19,99873,41245
Dorie,Durran,ddurranq@simplemachines.org,47,75496,9154
Andras,Clemmen,aclemmenr@va.gov,89,35802,3495
Jordanna,Daw,jdaws@mac.com,83,26906,71526
Alexine,Cusick,acusickt@barnesandnoble.com,51,41958,82196
Katuscha,Mishow,kmishowu@mapquest.com,30,73211,58306
Sephira,Govier,sgovierv@surveymonkey.com,42,33152,14964
Gav,Seligson,gseligsonw@ihg.com,58,22682,10235
Griffith,Carous,gcarousx@cpanel.net,41,83140,28381
Karalee,Grosier,kgrosiery@techcrunch.com,65,60532,34657
Cal,Baddeley,cbaddeleyz@feedburner.com,75,51636,51059
Annalee,Mingo,amingo10@yandex.ru,78,74061,62936
Torrance,Very,tvery11@howstuffworks.com,54,58525,62398
Dorita,Masse,dmasse12@goodreads.com,27,78706,26613
Parke,Larcombe,plarcombe13@reuters.com,52,39875,14455
Juliane,Code,jcode14@privacy.gov.au,74,25520,91952
Auberon,Sanford,asanford15@rakuten.co.jp,59,89048,48878
Carola,Solly,csolly16@fastcompany.com,61,17994,21845
Shayna,Gibbs,sgibbs17@berkeley.edu,19,42162,45181
Vida,Dacca,vdacca18@cam.ac.uk,43,51513,60074
Constantia,Kimbell,ckimbell19@kickstarter.com,40,27370,17284
Clerissa,Nutting,cnutting1a@geocities.jp,22,63108,71915
Donny,Mattiussi,dmattiussi1b@jiathis.com,61,18167,6508
Ross,Doddemeede,rdoddemeede1c@devhub.com,69,21184,16016
Clio,Stillert,cstillert1d@unesco.org,44,43077,38348
Mireille,Fihelly,mfihelly1e@reuters.com,70,45834,76131
Faustina,Hastler,fhastler1f@narod.ru,21,32374,91132
Rickert,McNeilley,rmcneilley1g@virginia.edu,83,53913,983
Editha,Gaskamp,egaskamp1h@bandcamp.com,67,73962,93572
Lorine,Mowsley,lmowsley1i@google.com,32,15353,37199
Hedda,Lanfer,hlanfer1j@youtube.com,43,72375,36012
Lynn,Cockren,lcockren1k@princeton.edu,78,92886,71004
Anstice,MacCardle,amaccardle1l@vk.com,41,81919,69916
Tremaine,Coetzee,tcoetzee1m@shinystat.com,86,55437,80026
Saidee,Fenge,sfenge1n@berkeley.edu,21,76985,31084
Meredith,Peizer,mpeizer1o@cocolog-nifty.com,51,15518,4202
Leonid,Skowcraft,lskowcraft1p@flickr.com,44,82379,33107
Aeriell,Storres,astorres1q@woothemes.com,79,59226,86186
Marrilee,D'Ambrogio,mdambrogio1r@ihg.com,42,51385,57357
Mahala,Tithacott,mtithacott1s@feedburner.com,60,63942,30309
Ron,Simmgen,rsimmgen1t@sun.com,36,61278,23606
Kittie,Baldick,kbaldick1u@washingtonpost.com,65,25667,87714
Salaidh,Hedling,shedling1v@statcounter.com,65,47173,63210
Gardy,Mudd,gmudd1w@microsoft.com,55,53538,43757
Reuben,Kynston,rkynston1x@myspace.com,84,85227,51097
Laureen,Martinez,lmartinez1y@virginia.edu,28,40741,83315
Paddy,Babber,pbabber1z@bloglovin.com,37,96335,48341
Sofia,Heaford,sheaford20@howstuffworks.com,72,21450,13977
Wald,Wakes,wwakes21@nifty.com,57,22465,84541
Marcellina,Collington,mcollington22@jalbum.net,63,70995,92274
Milt,McGooch,mmcgooch23@nbcnews.com,36,40699,51522
Osgood,Matic,omatic24@abc.net.au,48,11472,74000
Maxie,Hale,mhale25@imdb.com,55,15157,37974
Betta,Creser,bcreser26@yale.edu,49,44944,48769
Winston,Haugeh,whaugeh27@geocities.com,82,54699,40815
Roshelle,Rounding,rrounding28@barnesandnoble.com,83,42009,10322
Lilllie,Bodega,lbodega29@hatena.ne.jp,47,50404,53266
Osmond,Raylton,oraylton2a@spiegel.de,32,71783,94926
Jo,Ingle,jingle2b@people.com.cn,36,34875,17391
Warden,Syrie,wsyrie2c@eventbrite.com,72,92088,54712
Leanna,Ogelbe,logelbe2d@admin.ch,64,68837,22207
Florette,Niven,fniven2e@nasa.gov,31,62818,32675
Cooper,Verecker,cverecker2f@netlog.com,31,28820,14997
Vitoria,Bover,vbover2g@paginegialle.it,33,48509,21593
Kai,Kochel,kkochel2h@illinois.edu,78,88358,33956
Elly,Young,eyoung2i@psu.edu,59,84848,91444
Berget,Perton,bperton2j@bing.com,30,41180,63814
Pascal,Seamer,pseamer2k@furl.net,75,59871,41151
Putnem,Hargrave,phargrave2l@mac.com,65,65689,62048
Kellina,Diggens,kdiggens2m@php.net,61,70270,69646
Renate,Vairow,rvairow2n@weibo.com,65,53684,20067
Wilfred,Yakutin,wyakutin2o@wired.com,49,29869,42725
Giulio,Barbier,gbarbier2p@adobe.com,26,95593,53808
Miltie,Prowse,mprowse2q@ed.gov,79,32892,26736
Tanya,Gregolin,tgregolin2r@cnbc.com,39,34019,44420
